https://images2.minutemediacdn.com/image/upload/c_crop,h_1576,w_2800,x_0,y_52/f_auto,q_auto,w_1100/v1554931909/shape/mentalfloss/20997-istock-471531747.jpg
https://thumbs-prod.si-cdn.com/H7aVwwcff-NyQDH0opXs7a6BDUg=/800x600/filters:no_upscale()/https://public-media.si-cdn.com/filer/a3/a5/a3a5e93c-0fd2-4ee7-b2ec-04616b1727d1/kq4q5h7f-1498751693.jpg
https://www.spam.com/images/5/f/5/5f57337cd256de4e1ad3bb9d1c8409e1c1ec8bc2/spam-classic-455.png
https://i5.walmartimages.com/asr/de1c4b6d-9ef3-4791-94de-4c0a628c4a8c_1.dcef6a080c598b7fbcd60de1456562cd.jpeg
https://i.ytimg.com/vi/vRw5d2sk0GI/maxresdefault.jpg
https://sa.kapamilya.com/absnews/abscbnnews/media/2018/news/05/28/spam.jpg
https://www.rd.com/wp-content/uploads/2019/05/spam.jpg
https://cdn.hswstatic.com/gif/spam-food-121806761.jpg
https://fortunedotcom.files.wordpress.com/2017/05/ackermangruber_hormel_167.jpg
https://www.cvs.com/bizcontent/merchandising/productimages/large/3760013872.jpg
https://food.fnr.sndimg.com/content/dam/images/food/fullset/2016/11/1/0/fnd_spam-istock.jpg.rend.hgtvcom.616.462.suffix/1478044914868.jpeg
https://cdn.vox-cdn.com/thumbor/UO1hhAGb7ea5G-MuC43l1Sxx9Rw=/0x0:2282x1712/1200x675/filters:focal(0x0:2282x1712)/cdn.vox-cdn.com/uploads/chorus_image/image/50821489/spam-wall.0.0.jpg
https://upload.wikimedia.org/wikipedia/commons/7/7b/Spam_musubi_at_Ninja_Sushi.jpg
https://foodbabe.com/app/uploads/2019/04/HORMEL-NATURAL-CHOICE-AND-SPAM.jpg
https://upload.wikimedia.org/wikipedia/commons/0/08/Armour_Treet_in_a_Can.jpg
https://assets.tastecooking.com/wp-content/uploads/2018/03/spamspamspam-1.gif
https://a57.foxnews.com/static.foxnews.com/foxnews.com/content/uploads/2018/09/640/320/maps-4.jpg?ve=1&tl=1
https://images-na.ssl-images-amazon.com/images/I/91Ej%2Bw0q1mL._SL1500_.jpg
https://cdn.vox-cdn.com/thumbor/Oo0P2AxlR9ljxV7YwqleoRfMZqE=/0x0:1162x813/1200x800/filters:focal(421x263:605x447)/cdn.vox-cdn.com/uploads/chorus_image/image/52108841/trumpspam.0.jpeg
https://www.hormelfoods.com/wp-content/uploads/Newsroom_20180403_SPAM-Brand.jpg
https://usercontent2.hubstatic.com/14412013_f520.jpg
https://timedotcom.files.wordpress.com/2017/07/spam.jpeg
https://www.sbs.com.au/food/sites/sbs.com.au.food/files/styles/full/public/image-20.png?itok=JtVIKoF6
https://cdn.abcotvs.com/dip/images/2184558_070517-ktrk-spam-cans-img.jpg?w=800&r=16%3A9
https://i1.wp.com/worldoffoodanddrink.worldtravelguide.net/wp-content/uploads/2017/07/shu-Hawaii-SpamEggsAndRice-HERO-438493144-stuart_m-1440x823.jpg?fit=1440%2C823&ssl=1
http://spam.com/images/misc/default_meta_image.jpg
https://images-na.ssl-images-amazon.com/images/I/81HMWc0BUHL._SY355_.jpg
https://assets3.thrillist.com/v1/image/1700817/size/tmg-article_default_mobile.jpg
https://images-na.ssl-images-amazon.com/images/I/81S3MKDMZML._SL1500_.jpg
https://theculturetrip.com/wp-content/uploads/2017/09/3034503631_0c18bb1f23_o.jpg
http://www.todayifoundout.com/wp-content/uploads/2010/09/spam1.jpg
https://cms.qz.com/wp-content/uploads/2018/06/RTX22FCE-e1530183636995.jpg?quality=75&strip=all&w=410&h=231
https://images-na.ssl-images-amazon.com/images/I/71dvWy1khML._SL1500_.jpg
https://www.tasteofhome.com/wp-content/uploads/2018/03/shutterstock_431040991-1024x683.jpg
https://thumbs-prod.si-cdn.com/Hqwggm5fCwTzLDXJqrDGEOKBE80=/fit-in/1072x0/https://public-media.si-cdn.com/filer/f2/49/f2496b31-b84e-46f8-8b10-ebe50135dc97/file-20170629-28236-r06ggm.jpg
https://cdn-image.foodandwine.com/sites/default/files/1565887299/pumpkin-spice-spam-FT-BLOG0819.jpg
https://www.hormelfoods.com/wp-content/uploads/About_South-Korea_Hormel-Foods-International.jpg
https://grist.files.wordpress.com/2011/09/spam-can-collection
http://spam.com/images/c/9/8/c989a483cd2090e0af5d74191f07a5d4c3c12dc8/spam-oven-roasted-turkey.png
https://i.kinja-img.com/gawker-media/image/upload/s--GTPrNE0b--/c_scale,f_auto,fl_progressive,q_80,w_800/18bgeimmain3fjpg.jpg
https://media3.s-nbcnews.com/j/newscms/2019_33/1472015/pumpkin-spice-spam-today-main-190815_c089bc4996e28a1821365009f302e62f.fit-760w.jpg
https://i.ebayimg.com/images/g/RXgAAOSwKfFbjjZp/s-l640.jpg
https://foodsafetynewsfullservice.marlersites.com/files/2012/07/spamplate_300x380.jpg
http://www.spam-uk.com/img/home/lunch.png
https://img.huffingtonpost.com/asset/5b0b87af1a0000c504cdfe46.jpeg?cache=KgBqNg2jUy&ops=scalefit_720_noupscale
http://www.thehawaiiplan.com/wp-content/uploads/2012/10/3035341452_4266122a46.jpg
https://www.c-ville.com/wp-content/uploads/2017/06/Mochiko1_PaulWhicheloe-660x335.jpg
https://timedotcom.files.wordpress.com/2019/05/spam-musubi.jpg
https://upload.wikimedia.org/wikipedia/commons/thumb/1/1d/Spam_served_with_rice.jpg/340px-Spam_served_with_rice.jpg
https://www.spam.com/images/c/6/d/c6d17b4a5e6fa440fc441476b12b5254a9004ba8/spam-pumpkin-spice.jpg
https://cbsnews1.cbsistatic.com/hub/i/2018/05/27/432e9be7-ea45-45a5-bcd6-968e6ce06693/gettyimages-81285817.jpg
https://img.oola.com/filter:scale/quill/7/8/7/d/a/f/787dafad93ce45597a1cc7acd7e24c5b1a674f9e.jpg?mw=600
https://images-na.ssl-images-amazon.com/images/I/91LxJO6TiIL._SL1500_.jpg
http://2k8r3p1401as2e1q7k14dguu-wpengine.netdna-ssl.com/wp-content/uploads/2015/07/Sheehan12.png
https://www.nzherald.co.nz/resizer/BXGXaBASiPD7vFkwaZPJVF_i2Lw=/360x384/filters:quality(70)/arc-anglerfish-syd-prod-nzme.s3.amazonaws.com/public/4KHFIK4Y65HXBKPL6XKADIZRRY.jpg
https://www.mercurynews.com/wp-content/uploads/2017/07/sjm-l-spam-0706-10.jpg?w=620
https://cdn.mos.cms.futurecdn.net/dkWtY8Dk8eH88zJ72hA6QJ-320-80.jpg
https://www.hormelfoods.com/wp-content/uploads/hero_spam.1498491092.jpg
https://i.cbc.ca/1.5152774.1559061783!/fileImage/httpImage/image.jpg_gen/derivatives/16x9_780/spam.jpg
https://www.robot-food.com/assets/images/Vegan-SPAM/_headerImageXL/02_VSPAM_CAN_CAMEO_SHOT.jpg
https://content.fortune.com/wp-content/uploads/2017/05/ackermangruber_hormel_167.jpg?resize=1200,600
https://cdn.foodbeast.com/wp-content/uploads/2018/08/spam-cubano-min.jpg
https://target.scene7.com/is/image/Target/GUEST_a62ba583-0e61-4796-be3f-7d8dbb33193e?wid=488&hei=488&fmt=pjpeg
https://secure.i.telegraph.co.uk/multimedia/archive/02187/C03HCX_2187464b.jpg
https://ph-live-01.slatic.net/original/d0f90f5ff08d4b262b5a14bf988338d8.jpg
https://i5.walmartimages.com/asr/b237dde8-02bc-4b00-b3d5-5c57281f79f5_1.409b23fdff0aab9c77cb4b5eed8438fa.jpeg
https://lookaside.fbsbx.com/lookaside/crawler/media/?media_id=2942352122456701
http://stmedia.stimg.co/ctyp_82681077e295c_oxcartsausage.jpg?w=800
https://i2-prod.mirror.co.uk/incoming/article7418191.ece/ALTERNATES/s615/PAY-Mark-i-love-spam-Benson.jpg
https://hips.hearstapps.com/esq.h-cdn.co/assets/17/12/1490029453-marination-spam-slider.jpg?resize=480:*
https://compote.slate.com/images/1ce18e3d-8520-4856-aeeb-5f6ae465ee79.jpg?height=346&width=568
https://www.kroger.com/product/images/xlarge/front/0003760033658
https://s3.crackedcdn.com/phpimages/article/2/9/8/523298_v1.jpg
https://www.spam.com/images/7/c/9/7c9b38fba7a1f5bd52453fe6046b9d1c1316701f/spam-banh-mi.jpg
http://spam.budwin.net/thumbs/thumbs01.jpg
https://d36tnp772eyphs.cloudfront.net/blogs/1/2018/09/Spam-musubi-from-Hawaii.jpg
https://img.apmcdn.org/fb2f81c4d02a7e33a022a86bc18832405372a6fe/portrait/1b7051-20170316-spam.jpg
https://video-images.vice.com/articles/5c7070985a1dfe0007c676bc/lede/1550876672295-spam-darker.jpeg?crop=1xw%3A0.825xh%3Bcenter%2Ccenter&resize=2000%3A*
https://ship.kroger.com/img/Products/500/Spam/Spam-Classic-Canned-Meat-037600119801.jpg
https://i5.walmartimages.com/asr/65bfc2fa-c823-48fe-829a-816172106200_1.b8647682d2b10f10162b79b1314bb296.jpeg
https://timedotcom.files.wordpress.com/2017/07/spam.jpeg?quality=85&w=1200&h=628&crop=1
https://i.huffpost.com/gen/1667128/thumbs/o-SPAM-570.jpg?1
https://cdn.vox-cdn.com/thumbor/I9nKRFEpwIpUEskxbUpboRMhc8s=/1400x0/filters:no_upscale()/cdn.vox-cdn.com/uploads/chorus_asset/file/7059025/spam7.0.jpg
https://image.shutterstock.com/image-photo/pan-fried-lundheon-meat-sunny-260nw-1103587859.jpg
https://i2-prod.mirror.co.uk/lifestyle/dieting/recipes/article3288821.ece/ALTERNATES/s615/SPAM.jpg
http://www.bearnakedfood.com/wp-content/uploads/2017/05/DSCF7956-800x1200.jpg
https://images-na.ssl-images-amazon.com/images/I/51G7P4VQHKL._SR600%2C315_PIWhiteStrip%2CBottomLeft%2C0%2C35_PIAmznPrime%2CBottomLeft%2C0%2C-5_PIStarRatingTHREEANDHALF%2CBottomLeft%2C360%2C-6_SR600%2C315_SCLZZZZZZZ_.jpg
https://i0.wp.com/www.twincities.com/wp-content/uploads/2017/12/spammusem11-6-20177.jpg?w=620&crop=0%2C0px%2C100%2C9999px
https://www.thespruceeats.com/thmb/k3YCIVLnlFaRtepomiSPOB1vM3M=/450x0/filters:no_upscale():max_bytes(150000):strip_icc()/158914477-56a30edc3df78cf7727ba272.jpg
https://cdn.hswstatic.com/gif/spam-3.jpg
https://upload.wikimedia.org/wikipedia/commons/3/37/Spam_2.jpg
http://petenowak2000.files.wordpress.com/2013/01/spam.jpg
https://www.mercurynews.com/wp-content/uploads/2016/08/20130522__story_0b95abf6-33c7-4ecd-a658-6a2afb93663fp1.jpg?w=486
https://www.foodgurushawaii.com/wp-content/uploads/2018/07/spam-am-bkgrindz.jpg
https://www.simplyrecipes.com/wp-content/uploads/2019/06/Spam-Tacos-Lead-3.jpg
https://ewscripps.brightspotcdn.com/dims4/default/6415e63/2147483647/strip/true/crop/640x360+0+52/resize/1280x720!/quality/90/?url=https%3A%2F%2Fsharing.abc15.com%2Fsharescnn%2Fphoto%2F2018%2F05%2F27%2FGettyImages-469876122_1527450230277_88168072_ver1.0_640_480.jpg
https://assets.jayagrocer.com/images/product/done/064908-1-1.jpg
https://img.oola.com/filter:scale/quill/5/f/d/2/9/6/5fd29630720246a2a8cebb663380533f61acea69.jpg?mw=600
https://img.sndimg.com/food/image/upload/c_thumb,q_80,w_412,h_232/v1/img/recipes/16/51/45/aMp2t9fqR7iXnCgt6CUX_DSC_0746.jpg
https://cms.qz.com/wp-content/uploads/2015/04/spam-spamerican-tour-food-truck-japan-21.jpg?quality=75&strip=all&w=410&h=231
https://images-na.ssl-images-amazon.com/images/I/813PiRlfqaL._SX425_.jpg
https://nicmillerstale.files.wordpress.com/2017/01/czwfmmdviaetw2j.jpg
https://i.pinimg.com/236x/75/10/48/751048684471c50d48806c457269afd4--easy-japanese-recipes-japanese-food.jpg
https://www.thespruceeats.com/thmb/k3YCIVLnlFaRtepomiSPOB1vM3M=/450x0/filters:no_upscale():max_bytes(150000):strip_icc()/158914477-56a30edc3df78cf7727ba272.jpg
https://image.shutterstock.com/image-photo/pan-fried-lundheon-meat-sunny-260nw-1103587859.jpg
https://i.ytimg.com/vi/L7QZleBf320/maxresdefault.jpg
https://www.minnpost.com/wp-content/uploads/sites/default/files/imagecache/article_detail/images/articles/spam_main.jpg?fit=640%2C500&strip=all
https://images.huffingtonpost.com/2016-02-29-1456771799-4573768-spam_recipes_mac1-thumb.jpg
https://i0.wp.com/metro.co.uk/wp-content/uploads/2019/06/PRC_69778009.jpg?quality=90&strip=all&w=480&h=360&crop=1&zoom=1&ssl=1
https://d36tnp772eyphs.cloudfront.net/blogs/1/2018/09/Moco-Loco-Spam-burger-from-Hawaii.jpg
https://cdn10.bigcommerce.com/s-kihgn484xt/products/171/images/597/span_mild_340g__59103.1468203367.1000.1200.jpg?c=2
https://img.oola.com/quill/4/6/f/6/5/9/46f65998568c051b8a20fecb4ff5f4f5f0c81676.jpg
https://i5.walmartimages.com/asr/4fa1b527-56eb-46ed-afae-3013019d8ced_1.88c760d79c843468bb5cc64b65395886.jpeg
https://assets.jayagrocer.com/images/product/done/009878-1-1.jpg
https://www.gannett-cdn.com/media/2016/07/07/INGroup/Indianapolis/636035024404268675-RepealSpam.jpg?width=1200&format=pjpg&auto=webp
https://cdn.vox-cdn.com/thumbor/sRL6s_2D9SDUzFykeVPKCXSGJTk=/1400x0/filters:no_upscale()/cdn.vox-cdn.com/uploads/chorus_asset/file/7059009/spam4.0.jpg
https://assets.tastecooking.com/wp-content/uploads/2018/03/shutterstock_403150558.jpg
https://www.fabfood4all.co.uk/wp-content/uploads/2018/02/SPAM-Eggs-Benedict-With-Tin-and-Tub-Custom.jpg
https://geekprepper.com/wp-content/uploads/2011/03/spam-as-a-survival-food-1.jpg
https://image.shutterstock.com/image-photo/los-angeles-causa-2242019-can-260nw-1322285012.jpg
https://pics.drugstore.com/prodimg/477639/900.jpg
http://thefoodpornographer.com/wp-content/uploads/2015/11/DSCF0656-3.jpg
https://www.britishcornershop.co.uk/img/large/TJ0515.jpg
https://www.spam.com/images/4/c/4/4c4961cf1dc4a383b3a57546286c7a710340a8ea/spam-lite.png
https://i.ytimg.com/vi/JEwtWVTRW4c/maxresdefault.jpg
https://thumbs.dreamstime.com/z/can-tin-spam-meat-can-tin-spam-meat-white-background-spam-hormel-foods-product-140237292.jpg
https://images.huffingtonpost.com/2012-09-20-musubi.jpeg
https://assets3.thrillist.com/v1/image/1700752/size/tmg-article_default_mobile_2x.jpg
https://www.zippys.com/wp-content/uploads/2019/02/food-sides-Spam-Musubi-04.jpg
https://video-images.vice.com/articles/5a2073e6b9389e7411749a1d/lede/1512076612463-14014120505_6e0a7e1b40_o.jpeg?crop=1xw%3A0.753099173553719xh%3Bcenter%2Ccenter&resize=2000%3A*
https://a57.foxnews.com/static.foxnews.com/foxnews.com/content/uploads/2018/09/640/320/464646dffd.jpg?ve=1&tl=1
https://nextshark.com/wp-content/uploads/2017/12/spam-768x404.jpg
https://outline-prod.imgix.net/20180527-28i0TGC0K39z1wZWtk7Q?auto=format&q=60&w=1280&s=d8d5e787a61085c1118601b7c38f15ef
https://nationalpostcom.files.wordpress.com/2017/11/1116_ar_spam-1.jpg?quality=80&strip=all&w=780
https://img.wonderhowto.com/img/72/01/63600304837491/0/spam-went-from-hated-ration-cult-classic.w1456.jpg
https://images-na.ssl-images-amazon.com/images/I/816FgqD9oLL._SX425_.jpg
https://d36tnp772eyphs.cloudfront.net/blogs/1/2018/09/SpamJam4.jpg
https://nationalpostcom.files.wordpress.com/2018/05/hormel_earns-e1527519901468.jpg?quality=80&strip=all&w=780
https://cdn-image.foodandwine.com/sites/default/files/1567015320/Build%20Your%20Own%20Spam.JPG
https://newfoodeconomy.org/wp-content/uploads/2019/04/spam-hormel-natural-lawsuit-april-2019.jpg
https://www.seriouseats.com/images/2012/07/20120724-spam-variations-primary.jpg
https://qph.fs.quoracdn.net/main-qimg-6e381290a11f3ee9b5f382fb63f03d67
https://cms.qz.com/wp-content/uploads/2015/04/spam-spamerican-tour-food-truck-japan-21.jpg?quality=75&strip=all&w=900&h=900&crop=1
https://upload.wikimedia.org/wikipedia/commons/3/31/Homemade_Spam_Musubi.jpg
https://www.spam.com/images/d/4/f/d4f79a7ef1169465859ed0c8039b1dfbd1bb3d14/spam-musubi.jpg
https://image.shutterstock.com/image-photo/asian-food-beef-vegetables-rice-260nw-1160636995.jpg
http://honolulumagazine-images.dashdigital.com/images/2016/04-16/Waikiki-SPAM-Jam-MAC-247-Spam-Flan.jpg?ver=1461879684
https://static.independent.co.uk/s3fs-public/thumbnails/image/2017/07/05/09/istock-180816321.jpg?w968h681
https://www.motherjones.com/wp-content/uploads/2011/06/20180703-spam-642.jpg?w=642
https://www.portablepress.com/wp-content/uploads/2017/09/iStock-458527327-1024x683.jpg
https://compote.slate.com/images/21854373-ee30-4fd6-b3f4-dc035a7196b7.jpg
https://images2.minutemediacdn.com/image/upload/c_crop,h_1688,w_3000,x_0,y_313/f_auto,q_auto,w_1100/v1554924515/shape/mentalfloss/539787-gettyimages-158914413.jpg
http://www.mnopedia.org/sites/default/files/styles/xlarge/public/hawaiian_spam.jpg?itok=h-3xzoHx
https://assets.tastecooking.com/wp-content/uploads/2018/03/shutterstock_70607572.jpg
https://assets.jayagrocer.com/images/product/done/113329-1-1.jpg
https://www.washingtonian.com/wp-content/uploads/2019/07/COCONUTCLUBRECIPE_0001.QTR_.jpg
https://timenewsfeed.files.wordpress.com/2012/07/spam_01.jpg?w=720&h=480&crop=1
https://www.adn.com/resizer/BgEKN55K1VJiBhx_4cP0hZ0Glfk=/1200x0/s3.amazonaws.com/arc-wordpress-client-uploads/adn/wp-content/uploads/2018/09/27083214/IMG_6929.jpg
https://media.sandiegoreader.com/img/croppedphotos/2019/03/18/TF_My_11.99_Poke_bowl_with_spicy_tuna_and_salmon._And_wasabi_and_fish_eggs_t658.jpg?ff95ca2b4c25d2d6ff3bfb257febf11d604414e5
https://i.ytimg.com/vi/sDXEdI6W2lc/maxresdefault.jpg
https://img.wonderhowto.com/img/22/05/63600304894304/0/spam-went-from-hated-ration-cult-classic.w1456.jpg
https://shop.r10s.jp/okinawan-shop/cabinet/maru/maru010-1.jpg
https://static.businessinsider.com/image/4d9a1e9fccd1d5b7350b0000-750.jpg
https://ph-test-11.slatic.net/p/5f631d32d8f744d07ca8529ebf462100.jpg
https://media-cdn.tripadvisor.com/media/photo-s/0f/a7/08/6a/famous-fried-spam-musubi.jpg
https://i.huffpost.com/gen/1667141/thumbs/o-SPAM-MCDONALDS-570.jpg?6
https://stickybranding.com/wp-content/uploads/2018/11/SBQ-Spam-Name-946x532.jpg
https://www.sbs.com.au/food/sites/sbs.com.au.food/files/styles/full/public/goya-champuru.jpg?itok=HyR-ntKc
https://munchies-images.vice.com/wp_upload/spam-hong-kong-london1.jpg?resize=1000:*?resize=320:*
https://www.wikihow.com/images/thumb/e/e6/Eat-Spam-Step-2.jpg/v4-459px-Eat-Spam-Step-2.jpg
https://img-aws.ehowcdn.com/700x/cdn.onlyinyourstate.com/wp-content/uploads/2016/05/8.-Hormel-has-even-created-flavors-specific-to-the-Hawaiian-Islands.--700x700.jpg
https://nextshark.com/wp-content/uploads/2017/12/5077389567_b304241520_o-e1513130712506.jpg
https://hips.hearstapps.com/esq.h-cdn.co/assets/17/12/1490029651-spam-musubi-dakikokiko.JPG?resize=480:*
https://ucarecdn.com/190ee69e-cee7-4d0b-88ed-6ce5c6d5fdc0/-/crop/1549x871/0,49/-/preview/-/quality/lighter/-/format/auto/-/scale_crop/1920x1080/center/
https://i.cbc.ca/1.5152851.1559063606!/fileImage/httpImage/spam.jpg
https://www.washingtonpost.com/resizer/BNB3PTmnCcZsRYQSbUjl13fFBcw=/1484x0/arc-anglerfish-washpost-prod-washpost.s3.amazonaws.com/public/EDVO7TRQUII6TBVLLUBBBGXLAE.jpg
https://www.gannett-cdn.com/-mm-/b5a07fd7b8c3d00d002ec81cef06a73239f95dd4/c=54-0-851-599/local/-/media/2016/07/07/INGroup/Indianapolis/636034931429590327-IMG-4127.JPG?width=540&height=405&fit=crop
https://www.thespruceeats.com/thmb/DfqedNm-QxOHyZTMIt1Nymrbfsk=/450x0/filters:no_upscale():max_bytes(150000):strip_icc()/SPAM-and-Egg-Onigirazu-56a542083df78cf772875abb.jpg
https://fussfreeflavours.com/wp-content/uploads/2016/03/SPAM-fries.jpg
https://calstate.aaa.com/sgl-assets/files/article_hero/spam-musubi-hawaiian-food-via-magazine-shutterstock_125469965_0.jpg
https://content.artofmanliness.com/uploads//2015/01/spam3-e1421798911849.jpg
https://www.sheknows.com/wp-content/uploads/2019/01/spam-fries.jpg
https://www.wikihow.com/images/thumb/c/ca/Cook-Spam-Step-2-Version-2.jpg/aid1333898-v4-728px-Cook-Spam-Step-2-Version-2.jpg
https://scene7.samsclub.com/is/image/samsclub/0003760000104_A?$DT_PDP_Image$
https://lookaside.fbsbx.com/lookaside/crawler/media/?media_id=243292265782915
http://18.195.37.223/wp-content/uploads/2018/12/spam.png
https://i2-prod.liverpoolecho.co.uk/incoming/article12599632.ece/ALTERNATES/s1200b/Spam-on-Liverpool.jpg
https://media.npr.org/assets/img/2015/04/06/spam-korea-promo_wide-17b3020482fb0d9d19e1c1d605b31c6ca53acfce.jpg?s=1400
https://flashbak.com/wp-content/uploads/2014/12/Join-Hands-With-Spam-National-Geographic-July-1944.jpg
https://www.hormelfoods.com/wp-content/uploads/Newsroom_20180806_SPAM-cocktail.jpg
https://d1l18ops95qbzp.cloudfront.net/wp-content/2019/01/22145559/IMG_7168-400x300.jpg
http://i.ytimg.com/vi/MJ0irJ__QDU/hqdefault.jpg
http://foodisafourletterword.com/wp-content/uploads/2018/06/Spam_and_Avocado_Musubi_Recipe_title.jpg
https://i.guim.co.uk/img/media/573c8fff9409bd37db5845af121bb01aa32ab519/471_125_3359_2016/master/3359.jpg?width=700&quality=85&auto=format&fit=max&s=4ecbfa5f37a384ab40f49bf7fc2d337d
https://rx4foodies.files.wordpress.com/2011/10/spam_musubi_logo.jpg?w=550
https://static01.nyt.com/images/2008/11/14/business/15spam2.450.jpg
https://img.theculturetrip.com/wp-content/uploads/2017/09/14495788505_1e79c01d94_k.jpg
https://cdn.foodbeast.com/wp-content/uploads/2018/08/spam-mai-thai-min.jpg
https://assets.iceland.co.uk/i/iceland/Spam_2x20_Spam_36682.jpg?$pdpzoom$
https://image.shutterstock.com/image-photo/closeup-spam-brand-canned-cooked-260nw-1101698807.jpg
https://eatingrichly.com/wp-content/uploads/2009/05/spam-eggs-rice-05735.jpg
https://ph-live-01.slatic.net/original/687bc2694597559fbef31a60ccc10bca.jpg
https://media.cntraveler.com/photos/596fc9ad5613850539d634a1/4:3/w_480,c_limit/spam-musubi-GettyImages-518657430.jpg
https://live.staticflickr.com/3772/10583209355_e00164ab8b_b.jpg
https://static01.nyt.com/images/2019/08/11/magazine/11mag-lor/11mag-lor-articleLarge.jpg?quality=75&auto=webp&disable=upscale
https://i2.wp.com/metro.co.uk/wp-content/uploads/2019/06/PRI_69912570.jpg?quality=90&strip=all&w=480&h=360&crop=1&zoom=1&ssl=1
https://www.spam.com/images/0/9/0/0904da0e9cdf43efb02df570f3ef6a716f35b4ed/spam-with-real-hormel-bacon.png
https://ff68bf3906044917b58d-1b975fa8368fccfa31871a585d0cfbd4.ssl.cf1.rackcdn.com/wp-content/uploads/2014/04/Spam-B.-Inouye.jpg
https://www.austindailyherald.com/wp-content/uploads/2012/07/SPAM-short-pyramid-copy-clipped.jpg
https://eatingrichly.com/wp-content/uploads/2012/04/spam-musubi-recipe-can-800x533.jpg
https://i.etsystatic.com/6552980/d/il/11482c/1348470338/il_340x270.1348470338_7is7.jpg?version=0
https://i.pinimg.com/originals/7e/88/89/7e88899421cbcfd5e8045a156a5703a8.jpg
https://www.wikihow.com/images/thumb/e/e2/Cook-Spam-Step-16.jpg/aid1333898-v4-1200px-Cook-Spam-Step-16.jpg
https://s3.amazonaws.com/growlermag-media/wp-content/uploads/20190710130232/Online-BotW-United-Noodle-Photos-by-Tj-Turner-001-WEB.jpg
https://www.fabfood4all.co.uk/wp-content/uploads/2015/05/Chilli-Spam-and-Eggs-3-custom-lg-hd.jpg
https://miro.medium.com/max/4654/1*cWn0l2-mIpx1JWHKOSaaZw.jpeg
https://stmedia.stimg.co/08_296485_12SPAM042216_39633755+(1).JPG?auto=compress&crop=faces&dpr=1&w=525
http://www.trippyfood.com/wp-content/uploads/2009/12/11-Spam-03.jpg
https://blog.thecurrent.org/wp-content/blogs.dir/9/files/2016/06/SPAM-sushi-Minnesota-State-Fair.jpg
https://static.adweek.com/adweek.com-prod/wp-content/uploads/files/persp-spam-hed-2014.jpg
https://i.ytimg.com/vi/m2XZgvnD-Uc/maxresdefault.jpg
https://www.adn.com/resizer/1c9DIQlFbVYiKtr15VFBALT7p58=/600x0/s3.amazonaws.com/arc-wordpress-client-uploads/adn/wp-content/uploads/2018/09/26093134/SpamMusubi180919-005.jpg
https://hips.hearstapps.com/esq.h-cdn.co/assets/17/12/1490030158-fried-noodles-spam-copy.jpg?resize=480:*
https://qph.fs.quoracdn.net/main-qimg-d0f73828557a48b1ad21753695ea026f
https://d36tnp772eyphs.cloudfront.net/blogs/1/2018/09/SpamJam-2.jpg
https://cbsnews1.cbsistatic.com/hub/i/2008/05/28/d8b2bbf0-a642-11e2-a3f0-029118418759/image4133517x.jpg
https://munchies-images.vice.com/wp_upload/Daily-Vice-x-Bong-Appetite-2.jpg?crop=1xw%3A0.8440797186400938xh%3Bcenter%2Ccenter&resize=2000%3A*
https://media2.s-nbcnews.com/j/newscms/2018_31/1357656/spam-mai-tai-today-180803-tease_e2192b3c33476eeb1f8fede7f742374f.fit-760w.jpg
https://images.costcobusinessdelivery.com/ImageDelivery/imageService?profileId=12028466&itemId=202085&recipeName=680
https://cdn0.opinion-corp.com/review-media/pictures/28/5f/227906/hormel-foods_rotten-spam-201709021095615_285f-gallery.jpeg
https://media.npr.org/assets/img/2015/04/01/spam2_custom-47df56393c5dcb712254ae35f9c574cf615ebbc8-s800-c85.jpg
https://rasamalaysia.com/wp-content/uploads/2016/02/spam-spaghetti1.jpg
https://hyphenmagazine.com/sites/default/files/styles/full_node/public/blog/2011/06/end-spam-shame-class-colonialism-and-canned-meat/spam.jpg?itok=40uxE-RF
https://www.americangirlideas.com/wp-content/uploads/2017/08/DIY-American-Girl-Doll-Food-Spam-.jpg
https://ca-times.brightspotcdn.com/dims4/default/6fb25bf/2147483647/strip/true/crop/2048x1536+0+0/resize/840x630!/quality/90/?url=https%3A%2F%2Fca-times.brightspotcdn.com%2F9f%2Fc5%2F52849e755b99c9099cf72991eaa1%2Fla-dd-7-great-spam-dishes-20141204-photos-003
https://www.adweek.com/files/imagecache/test-width/persp-spam-01-2014.jpg
https://cms.prod.nypr.digital/images/95567/fill-661x496/
https://cdn.phonebooky.com/blog/wp-content/uploads/2019/04/03150131/Pi-Breakfast-Pies.jpg
https://assets3.thrillist.com/v1/image/1401615/size/tmg-article_default_mobile.jpg
https://media1.fdncms.com/chicago/imager/u/original/28921210/img_5080_ijichi.jpg
https://imagesvc.meredithcorp.io/v3/mm/image?url=https%3A%2F%2Fcdn-image.myrecipes.com%2Fsites%2Fdefault%2Ffiles%2Fstyles%2Fmedium_2x%2Fpublic%2Ffield%25252Fimage%25252Fk-food-spam-sanjeok.jpg%3Fitok%3D0ujNk5CZ&w=450&c=sc&poi=face&q=85
https://a57.foxnews.com/media2.foxnews.com/BrightCove/694940094001/2017/11/24/931/524/694940094001_5657051716001_5657036939001-vs.jpg?ve=1&tl=1
https://img.wonderhowto.com/img/94/13/63600304878772/0/spam-went-from-hated-ration-cult-classic.w1456.jpg
https://nyoobserver.files.wordpress.com/2017/07/gettyimages-523552244.jpg?quality=80&w=635&h=423
https://d1dd4ethwnlwo2.cloudfront.net/wp-content/uploads/2019/06/spam5.jpg
http://www.spam-uk.com/img/home/breakfast.png
http://prephappy.com/wp-content/uploads/2013/12/span-vs-ham.png
https://whatscookingamerica.net/wp-content/uploads/2015/04/SpamMusubi2.jpg
https://image.shutterstock.com/image-photo/spam-burger-sausage-hawaiian-food-260nw-268144175.jpg
https://www.rotinrice.com/wp-content/uploads/2012/04/SpamMusubi-1.jpg
https://www.tasteofhome.com/wp-content/uploads/0001/01/Bacon-Wrapped-Spam-Bites_EXPS_THAM19_156403_C11_14_5b.jpg
https://www.bayanmall.com/image/cache/data/0-New%20Item%20Photos/canned%20Goods/Spam%20Hormel%20foods%20luncheon%20meat%20340g%20back-700x700_0.jpg
https://calstate.aaa.com/sgl-assets/files/paragraph_photo/loco-moco-hawaiian-spam-where-eat-via-magazine-shutterstock_638697361_0.jpg
https://jkijiner.files.wordpress.com/2013/12/800px-spam_with_cans.jpg
https://images1.dallasobserver.com/imager/u/original/10698056/spammusubi-rallo-aloha.jpg
https://thepigandquill.com/wp-content/uploads/2019/03/032619_HummusToast_web9.jpg
https://i.guim.co.uk/img/media/822e395e8f6d2b3fb11cdb3337e4be0468ec3b91/681_449_3299_1979/master/3299.jpg?width=605&quality=85&auto=format&fit=max&s=2a02de49514c677d1f5bd9a3d5fdde71
https://dudefoods.com/wordpress/wp-content/uploads/2018/06/FlaminHotCheetosBreadedSPAMRingsSquare3.jpg
https://i.ytimg.com/vi/UpY6zzBojGA/maxresdefault.jpg
https://cdnph.upi.com/svc/sv/i/4881527434371/2018/1/15274361116728/Hormel-recalls-228000-pounds-of-Spam-lunch-loaf.jpg
https://media-cdn.tripadvisor.com/media/photo-s/0f/a7/0e/10/fried-spam-musubi-bizarre.jpg
https://eatingrichly.com/wp-content/uploads/2009/05/spam-eggs-rice-05729-800x533.jpg
https://www.meatpoultry.com/ext/resources/kelsey-spam-burger-credit-Kelseys.jpg?1531167605
https://www.hawaiianbarbecue.com/wp-content/uploads/2016/07/Musubi_Options-optimized.png
https://cdn.foodbeast.com/wp-content/uploads/2018/08/spam-loco-dump-min.jpg
https://i2-prod.mirror.co.uk/incoming/article11255272.ece/ALTERNATES/s615/PROD-Spam.jpg
https://www.usmagazine.com/wp-content/uploads/2018/10/spam-mai-tai.jpg
https://www.elizabethskitchendiary.co.uk/wp-content/uploads/2018/12/Christmas-Spamapes-SPAM-canapes-1.jpg
https://media.socastsrm.com/wordpress/wp-content/blogs.dir/456/files/2018/02/spam-super-bowl-2018-what-does-spam-stand-for-large-3.jpg
https://www.favfamilyrecipes.com/wp-content/uploads/2014/05/Spam-Musubi-.jpg
https://i.pinimg.com/originals/16/f3/a7/16f3a7b00c82d3953461b88b656ca0f2.jpg
https://cdn.onlyinyourstate.com/wp-content/uploads/2016/05/5.-It%E2%80%99s-cheaper-than-other-meats.-.jpg
https://nbc25news.com/resources/media/9183c776-75c9-434f-9405-3984426a8055-medium16x9_AtwopackofPumpkinSpiceSPAMHormel.PNG?1565885339344
https://www.frolichawaii.com/sites/default/files/articles/1181/Waikiki%20Yokocho%20-%20SPAM%20Tempura%20Bowl.jpg
https://www.seriouseats.com/images/2012/07/20120724-spam-variations-06.jpg
https://scene7.samsclub.com/is/image/samsclub/0003760000106_A?$DT_PDP_Image$
http://cdn-image.myrecipes.com/sites/default/files/styles/pronto_crop_large/public/assets%252Fmessage-editor%252F1470246607379-spam-gift-set-inline-flickr_0.jpg
https://images.squarespace-cdn.com/content/v1/5451b54de4b0d0c075728ccb/1554862987776-I986GR5SGPAS0G4WI6ZA/ke17ZwdGBToddI8pDm48kJKo3YTR7zgUvInmXMbZ6zZ7gQa3H78H3Y0txjaiv_0fDoOvxcdMmMKkDsyUqMSsMWxHk725yiiHCCLfrh8O1z4YTzHvnKhyp6Da-NYroOW3ZGjoBKy3azqku80C789l0geeCvn1f36QDdcifB7yxGjTk-SMFplgtEhJ5kBshkhu5q5viBDDnY2i_eu2ZnquSA/10+%281+of+1%29.jpg
https://assets3.thrillist.com/v1/image/2779129/size/sk-2017_04_featured_listing_mobile.jpg
https://www.hormelfoods.com/wp-content/uploads/Newsroom_20190828_SPAM-Musubi-Madness.jpg
https://media1.s-nbcnews.com/i/newscms/2018_31/1357665/spam_cocktail_mai_tai_tease_43e4bb3acef169e5aa7fa916096f548d.jpg
http://2k8r3p1401as2e1q7k14dguu-wpengine.netdna-ssl.com/wp-content/uploads/2015/07/Sheehan13.png
http://yesofcorsa.com/wp-content/uploads/2018/08/Spam-Food-Desktop-Wallpaper.jpg
https://c8.alamy.com/comp/PF2CD7/an-english-pub-snack-of-spam-fingers-in-breadcrumbs-served-in-the-spam-cantin-with-english-mustard-and-ketchup-PF2CD7.jpg
https://www.foodologygeek.com/wp-content/uploads/2017/08/Perfect-Spam-Fried-Rice.jpg
https://assets.bonappetit.com/photos/57d30c1acba257a52320da1d/master/w_4000,h_2670,c_limit/minnesota-state-fair-food-spam-burger-2.jpg
https://www.bravotv.com/sites/bravo/files/styles/blog-post-embedded--mobile/public/field_blog_image/2015/12/the-feast-spam-promote_0.jpg?itok=BVRbliFq
https://cdn0.opinion-corp.com/review-media/pictures/9a/19/83269/hormel-foods_review-about-spam-lite-from-mortdale-new-south-wales-20150814683070_9a19-gallery.jpeg
https://cdn.cnn.com/cnnnext/dam/assets/180526175831-01-spam-screengrab-usda-super-tease.jpg
https://i.ytimg.com/vi/IvGFlLXwT9s/maxresdefault.jpg
https://lookaside.fbsbx.com/lookaside/crawler/media/?media_id=1062987063911823
https://momwithaprep.com/wp-content/uploads/2013/05/momwithaprep-spam-SOC2.jpg
https://assets.vancouverisawesome.com/wp-content/uploads/2019/06/04132354/shameless-buns-spam-fries-min.jpg
https://i.redd.it/lislwry8prwy.jpg
https://thumbs.dreamstime.com/b/can-tin-spam-meat-white-background-spam-hormel-foods-product-can-tin-spam-meat-140245746.jpg
https://munchies-images.vice.com/wp_upload/spam_musubi_pic_2.jpg
https://d2z1w4aiblvrwu.cloudfront.net/ad/IeNf/spam-pork-favor-large-6.jpg
https://farm8.staticflickr.com/7058/6947121411_6516da0799_o.jpg
https://image-cdn.hypb.st/https%3A%2F%2Fhypebeast.com%2Fwp-content%2Fblogs.dir%2F6%2Ffiles%2F2019%2F08%2Fspam-foodbeast-pop-up-restaurant-los-angeles-ice-cream-corn-dogs-cocktails-date-tickets-1.jpg?q=75&w=800&cbr=1&fit=max
http://caribbeanpot.com/wp-content/uploads/2017/10/spam-recipe-1.jpg